<?xml version="1.0" encoding="UTF-8"?>
<project-private xmlns="http://www.netbeans.org/ns/project-private/1">
    <editor-bookmarks xmlns="http://www.netbeans.org/ns/editor-bookmarks/2" lastBookmarkId="0"/>
    <open-files xmlns="http://www.netbeans.org/ns/projectui-open-files/2">
        <group>
            <file>file:/C:/Users/Ashish%20Uppala/Documents/NetBeansProjects/onlineDatingSystem/src/onlinedatingsystem/OnlineDatingSystem.java</file>
            <file>file:/C:/Users/Ashish%20Uppala/Documents/NetBeansProjects/onlineDatingSystem/src/onlinedatingsystem/forgottenPassword.java</file>
            <file>file:/C:/Users/Ashish%20Uppala/Documents/NetBeansProjects/onlineDatingSystem/src/onlinedatingsystem/profileView.java</file>
            <file>file:/C:/Users/Ashish%20Uppala/Documents/NetBeansProjects/onlineDatingSystem/src/onlinedatingsystem/Messages.java</file>
            <file>file:/C:/Users/Ashish%20Uppala/Documents/NetBeansProjects/onlineDatingSystem/src/onlinedatingsystem/loginAfterMenu.java</file>
        </group>
    </open-files>
</project-private>
